epoch,train_loss,train_acc,val_loss,val_acc,val_f1,val_auc
1,0.7024957090616226,0.5814855875831486,0.7031688690185547,0.4883720930232558,0.2524271844660194,0.6895215228948721
2,0.6067354083061218,0.6446784922394678,0.673885315656662,0.5764119601328903,0.49504950495049505,0.7054250271537186
3,0.5587356388568878,0.6984478935698448,0.6519668400287628,0.6395348837209303,0.6635658914728683,0.6880695135196935
4,0.5297995507717133,0.7344789356984479,0.6252200305461884,0.6295681063122923,0.755750273822563,0.7148802378094095
5,0.504561610519886,0.7605321507760532,0.6115544140338898,0.6827242524916943,0.776608187134503,0.7701709255130624
6,0.4815065860748291,0.770509977827051,0.5804025828838348,0.7093023255813954,0.7376311844077961,0.782107128565712
7,0.4787798449397087,0.7610864745011087,0.5749082863330841,0.7026578073089701,0.7684346701164295,0.7788486823300749
8,0.45236070454120636,0.791019955654102,0.6252107322216034,0.6827242524916943,0.776084407971864,0.7707768821814439
9,0.45762283354997635,0.7882483370288248,0.6148247420787811,0.6760797342192691,0.7540983606557377,0.7502543874692735
10,0.4426025226712227,0.7893569844789357,0.7363249063491821,0.6312292358803987,0.7477272727272727,0.7114617275481622
11,0.40984082221984863,0.8098669623059866,0.5506353080272675,0.7591362126245847,0.8010973936899863,0.7921797290344709
12,0.4069262370467186,0.8120842572062085,0.5470612049102783,0.7342192691029901,0.7674418604651163,0.7967644200537357
13,0.38810940086841583,0.8187361419068736,0.531914472579956,0.7308970099667774,0.7645348837209303,0.8071457154290287
14,0.38094383478164673,0.8292682926829268,0.5334565341472626,0.7491694352159468,0.7782672540381792,0.8075001429143085
15,0.36881327629089355,0.8331485587583148,0.5205961912870407,0.7508305647840532,0.8021108179419525,0.8062882295775452
16,0.36926787346601486,0.8364745011086474,0.5605809986591339,0.7475083056478405,0.7865168539325843,0.7995083747784828
17,0.353736475110054,0.8364745011086474,0.5956624746322632,0.7059800664451827,0.7801242236024845,0.7843137254901961
18,0.3496502488851547,0.8386917960088692,0.6020049452781677,0.7259136212624585,0.7876447876447876,0.7896072714800206
19,0.33081669360399246,0.8497782705099778,0.553081750869751,0.7591362126245847,0.803788903924222,0.8069970845481049
20,0.3234664872288704,0.8536585365853658,0.5775696933269501,0.7591362126245847,0.8032564450474898,0.7981249642714228
21,0.32370051741600037,0.8558758314855875,0.5801613628864288,0.7657807308970099,0.8044382801664355,0.8075344423483679
22,0.3189885839819908,0.8569844789356984,0.5842907726764679,0.7524916943521595,0.7927677329624478,0.8049048190704854
23,0.3133096843957901,0.8647450110864745,0.6151048541069031,0.7541528239202658,0.7885714285714286,0.7970731149602699
24,0.31301814317703247,0.856430155210643,0.5901143550872803,0.7624584717607974,0.8043775649794802,0.8097982049962842
25,0.29819777607917786,0.8614190687361419,0.5924609005451202,0.7641196013289037,0.800561797752809,0.8138341050705997
26,0.30518870800733566,0.8658536585365854,0.6019351184368134,0.7558139534883721,0.7878787878787878,0.8045961241639513
27,0.2981375604867935,0.8675166297117517,0.5986166596412659,0.7541528239202658,0.7879656160458453,0.8034642428399931
28,0.3010701760649681,0.864190687361419,0.5997169017791748,0.7475083056478405,0.7816091954022989,0.8059795346710112
29,0.29570601880550385,0.8647450110864745,0.601494312286377,0.7541528239202658,0.7897727272727273,0.8077859715314698
30,0.2900853604078293,0.8691796008869179,0.6022158563137054,0.7624584717607974,0.7983074753173484,0.809077916881038
31,0.2894352972507477,0.8664079822616408,0.6001141965389252,0.7641196013289037,0.7988668555240793,0.8105184931115303
32,0.29214323312044144,0.8658536585365854,0.6011392772197723,0.7657807308970099,0.8,0.8107814554393185
33,0.2955283224582672,0.8686252771618626,0.6060254275798798,0.7691029900332226,0.802275960170697,0.8089635854341737
34,0.29376036673784256,0.8725055432372506,0.6105090379714966,0.7674418604651163,0.8011363636363636,0.8097982049962842
35,0.2877650558948517,0.873059866962306,0.6117464303970337,0.7657807308970099,0.8,0.8092379809066482
36,0.29590485990047455,0.8747228381374723,0.6147273480892181,0.7657807308970099,0.8005657708628006,0.8088606871319957
37,0.2968280538916588,0.8675166297117517,0.6131806373596191,0.7641196013289037,0.7994350282485876,0.809409478076945
38,0.29054199159145355,0.8752771618625277,0.6147699654102325,0.7641196013289037,0.7994350282485876,0.8098096381409707
39,0.2890489250421524,0.8719512195121951,0.6159782111644745,0.7641196013289037,0.800561797752809,0.8095009432344368
40,0.28591491281986237,0.8708425720620843,0.6147466003894806,0.7657807308970099,0.8016877637130801,0.8095238095238095
41,0.2909174934029579,0.8713968957871396,0.6136476695537567,0.760797342192691,0.797752808988764,0.8096038415366147
42,0.2896707281470299,0.8708425720620843,0.6148170828819275,0.760797342192691,0.797752808988764,0.8090093180129194
43,0.28784380853176117,0.86529933481153,0.6150749027729034,0.7624584717607974,0.7988748241912799,0.8089407191448007
44,0.2968277037143707,0.8691796008869179,0.6153734028339386,0.7657807308970099,0.8011283497884344,0.8090436174469788
45,0.2869323343038559,0.8736141906873615,0.616722971200943,0.7641196013289037,0.8,0.8089178528554278
46,0.28560565412044525,0.8713968957871396,0.6171388626098633,0.7657807308970099,0.8011283497884344,0.8092379809066483
47,0.28861724585294724,0.8725055432372506,0.6180832386016846,0.7641196013289037,0.8,0.809020751157606
48,0.28999602049589157,0.8686252771618626,0.6144804656505585,0.7641196013289037,0.8,0.8095123763791231
49,0.28446339815855026,0.8680709534368071,0.6155722737312317,0.7641196013289037,0.8,0.8088149545532499
50,0.2893562689423561,0.8669623059866962,0.6151822507381439,0.7641196013289037,0.7994350282485876,0.8086777568170127
51,0.29074637591838837,0.8702882483370288,0.6160973906517029,0.7641196013289037,0.8,0.8084147944892244
52,0.291515976190567,0.8686252771618626,0.6168303787708282,0.7624584717607974,0.7983074753173484,0.8083233293317326
53,0.28835298866033554,0.873059866962306,0.615868091583252,0.7641196013289037,0.8,0.8090893500257246
54,0.2917682081460953,0.8702882483370288,0.6165386438369751,0.7641196013289037,0.8,0.8089521522894872
55,0.28924672305583954,0.8741685144124168,0.6150592565536499,0.7657807308970099,0.8011283497884344,0.8095466758131824
56,0.29321345686912537,0.8697339246119734,0.6145399808883667,0.7674418604651163,0.8022598870056498,0.8094666438003773
57,0.28772564977407455,0.8719512195121951,0.6146932542324066,0.7657807308970099,0.8011283497884344,0.8091122163150974
58,0.28616250306367874,0.8658536585365854,0.6119610667228699,0.7657807308970099,0.8005657708628006,0.8093180129194535
59,0.2856137827038765,0.8702882483370288,0.6136974394321442,0.7657807308970099,0.8005657708628006,0.809512376379123
60,0.28738807141780853,0.8741685144124168,0.6128491759300232,0.7657807308970099,0.8005657708628006,0.8090779168810381
61,0.2852523475885391,0.8725055432372506,0.6127968430519104,0.7657807308970099,0.8005657708628006,0.8096038415366147
62,0.29113034158945084,0.8708425720620843,0.6142290234565735,0.7674418604651163,0.8016997167138811,0.8091922483279026
63,0.2813198119401932,0.8725055432372506,0.616354763507843,0.7641196013289037,0.7988668555240793,0.8086320242382667
64,0.2923687547445297,0.8708425720620843,0.6160829067230225,0.7624584717607974,0.7977369165487977,0.8089864517235466
65,0.3023768737912178,0.8708425720620843,0.6147342324256897,0.7624584717607974,0.7988748241912799,0.8095695421025553
66,0.2880414053797722,0.8713968957871396,0.6158967614173889,0.7641196013289037,0.7994350282485876,0.8087920882638769
67,0.2900444567203522,0.8719512195121951,0.6153167188167572,0.7641196013289037,0.8,0.8090893500257246
68,0.2906257063150406,0.8675166297117517,0.6156239807605743,0.7641196013289037,0.8,0.8093980449322586
69,0.2916107550263405,0.873059866962306,0.6157914698123932,0.760797342192691,0.7971830985915493,0.8090093180129194
70,0.2872430980205536,0.8725055432372506,0.6140078604221344,0.7657807308970099,0.8011283497884344,0.809306579774767
71,0.2875602915883064,0.8697339246119734,0.6144325137138367,0.7641196013289037,0.7994350282485876,0.8094209112216315
72,0.2873366102576256,0.8691796008869179,0.6163029968738556,0.7641196013289037,0.7988668555240793,0.8092151146172755
73,0.2881253659725189,0.8702882483370288,0.6154674589633942,0.7657807308970099,0.8005657708628006,0.8091693820385297
74,0.28778526932001114,0.8713968957871396,0.6145431399345398,0.7657807308970099,0.8011283497884344,0.809512376379123
75,0.2891453951597214,0.8725055432372506,0.6140933930873871,0.7641196013289037,0.8,0.8096038415366147
76,0.29879214614629745,0.8680709534368071,0.6165411472320557,0.7624584717607974,0.7977369165487977,0.8088263876979365
77,0.28940510749816895,0.8697339246119734,0.6163212358951569,0.7657807308970099,0.8005657708628006,0.8090893500257247
78,0.28647178411483765,0.8686252771618626,0.6138644814491272,0.7657807308970099,0.8005657708628006,0.8095924083919281
79,0.2906900942325592,0.8702882483370288,0.6137796342372894,0.7657807308970099,0.8011283497884344,0.8095009432344367
80,0.28966550529003143,0.8719512195121951,0.6137315630912781,0.7657807308970099,0.8005657708628006,0.8095123763791229
81,0.28901900351047516,0.8747228381374723,0.6144830882549286,0.7674418604651163,0.8028169014084507,0.8092608471960212
82,0.2915164679288864,0.8691796008869179,0.6164149641990662,0.7674418604651163,0.8028169014084507,0.8089064197107415
83,0.29104313999414444,0.8719512195121951,0.616878092288971,0.7641196013289037,0.7994350282485876,0.8083233293317328
84,0.295841746032238,0.8664079822616408,0.6167687475681305,0.7657807308970099,0.8,0.8081632653061225
85,0.2944251671433449,0.8713968957871396,0.6179876625537872,0.7657807308970099,0.8,0.8084948265020295
86,0.2865467146039009,0.8708425720620843,0.6159666776657104,0.7624584717607974,0.7977369165487977,0.8090550505916652
87,0.28799573332071304,0.8725055432372506,0.6148747205734253,0.7624584717607974,0.7988748241912799,0.8092608471960212
88,0.28377292677760124,0.8741685144124168,0.6163600385189056,0.7624584717607974,0.7988748241912799,0.80897501857886
89,0.29382190108299255,0.8702882483370288,0.6164684891700745,0.7624584717607974,0.7988748241912799,0.8090664837363517
90,0.2993398830294609,0.8686252771618626,0.615192174911499,0.7624584717607974,0.7983074753173484,0.8089292860001143
91,0.2880791127681732,0.8702882483370288,0.6160845160484314,0.7624584717607974,0.7983074753173484,0.8089292860001144
92,0.2970445081591606,0.8680709534368071,0.6137662827968597,0.7641196013289037,0.8,0.8093180129194535
93,0.2859640046954155,0.8708425720620843,0.6142165064811707,0.7641196013289037,0.8,0.8089864517235466
94,0.28469885140657425,0.873059866962306,0.616481214761734,0.7641196013289037,0.8,0.8087692219745042
95,0.29341571033000946,0.8675166297117517,0.616520494222641,0.7624584717607974,0.7983074753173484,0.808997884868233
96,0.2936636805534363,0.8747228381374723,0.6141965687274933,0.7624584717607974,0.7983074753173484,0.8086548905276396
97,0.2913242131471634,0.873059866962306,0.614276260137558,0.7624584717607974,0.7983074753173484,0.808792088263877
98,0.2936075031757355,0.8713968957871396,0.6150243580341339,0.7657807308970099,0.8005657708628006,0.8086320242382667
99,0.2891688421368599,0.873059866962306,0.6148634254932404,0.7641196013289037,0.7994350282485876,0.8086548905276396
100,0.28595536202192307,0.8697339246119734,0.6160211265087128,0.7624584717607974,0.7977369165487977,0.8087120562510718
101,0.284800723195076,0.873059866962306,0.6167106628417969,0.7641196013289037,0.7988668555240793,0.8091122163150974
102,0.2865304499864578,0.8758314855875832,0.6161724328994751,0.7624584717607974,0.7977369165487977,0.8089864517235466
103,0.29140280932188034,0.8708425720620843,0.6174024641513824,0.7657807308970099,0.8005657708628006,0.8087806551191907
104,0.2856137901544571,0.8702882483370288,0.6173838376998901,0.7641196013289037,0.7988668555240793,0.8086891899616989
105,0.2904989644885063,0.86529933481153,0.6162925064563751,0.7641196013289037,0.7994350282485876,0.8086205910935803
106,0.29121844470500946,0.8708425720620843,0.6167423725128174,0.7641196013289037,0.7988668555240793,0.808769221974504
107,0.28511762619018555,0.8713968957871396,0.6173533797264099,0.7641196013289037,0.7994350282485876,0.8089407191448008
108,0.2970106974244118,0.8686252771618626,0.61536705493927,0.7624584717607974,0.7977369165487977,0.8089978848682331
109,0.29088352620601654,0.8713968957871396,0.6141104698181152,0.7674418604651163,0.8016997167138811,0.8091122163150974
110,0.29322220385074615,0.8719512195121951,0.6153614521026611,0.7624584717607974,0.7977369165487977,0.8088035214085634
111,0.2818050682544708,0.8736141906873615,0.6156619787216187,0.7624584717607974,0.7977369165487977,0.8088149545532499
112,0.29312528669834137,0.8752771618625277,0.6146053373813629,0.7657807308970099,0.8011283497884344,0.8087577888298177
113,0.2902657389640808,0.8686252771618626,0.6132236421108246,0.7657807308970099,0.8011283497884344,0.809226547761962
114,0.2917567417025566,0.873059866962306,0.6125215888023376,0.7641196013289037,0.8,0.8093751786428858
115,0.28778526932001114,0.864190687361419,0.6132237315177917,0.7674418604651163,0.8016997167138811,0.8090550505916652
116,0.2945922091603279,0.8719512195121951,0.6164640188217163,0.7657807308970099,0.8005657708628006,0.8089292860001144
117,0.2856665775179863,0.8719512195121951,0.6149267256259918,0.7657807308970099,0.8005657708628006,0.8089750185788601
118,0.27958979085087776,0.8675166297117517,0.6166199147701263,0.7657807308970099,0.8,0.8087806551191905
119,0.28623558580875397,0.8708425720620843,0.617450475692749,0.7624584717607974,0.7983074753173484,0.808483393357343
120,0.28988470137119293,0.8725055432372506,0.616978108882904,0.7624584717607974,0.7983074753173484,0.8088949865660549
121,0.2883431762456894,0.8713968957871396,0.6159087419509888,0.7691029900332226,0.8033946251768034,0.8091579488938433
122,0.28486283123493195,0.8702882483370288,0.614548534154892,0.7657807308970099,0.8005657708628006,0.8092837134853941
123,0.2859940454363823,0.8702882483370288,0.6150822639465332,0.7641196013289037,0.7994350282485876,0.8093523123535128
124,0.2913239896297455,0.8680709534368071,0.6145675778388977,0.7657807308970099,0.8005657708628006,0.8090893500257244
125,0.28796546161174774,0.8763858093126385,0.6146761476993561,0.7657807308970099,0.8005657708628006,0.8089521522894871
126,0.28544287383556366,0.8736141906873615,0.613365113735199,0.7624584717607974,0.7983074753173484,0.8090436174469787
127,0.29322340339422226,0.8702882483370288,0.6108683049678802,0.7657807308970099,0.8011283497884344,0.8096610072600468
128,0.29425671696662903,0.873059866962306,0.6115344166755676,0.7657807308970099,0.8011283497884344,0.8097982049962842
129,0.28408608585596085,0.8702882483370288,0.6119264960289001,0.7657807308970099,0.8005657708628006,0.809306579774767
130,0.28301647305488586,0.8741685144124168,0.6125908493995667,0.7641196013289037,0.8,0.8090550505916652
131,0.2884492799639702,0.8675166297117517,0.614300400018692,0.7641196013289037,0.7994350282485876,0.8089407191448008
132,0.2865081652998924,0.8708425720620843,0.613850861787796,0.7641196013289037,0.7994350282485876,0.8088035214085634
133,0.2976151406764984,0.8675166297117517,0.6138741075992584,0.7624584717607974,0.7988748241912799,0.8091579488938433
134,0.2879686951637268,0.8713968957871396,0.6135039031505585,0.7624584717607974,0.7983074753173484,0.8093065797747669
135,0.2902443930506706,0.8747228381374723,0.6144759654998779,0.7641196013289037,0.800561797752809,0.8093294460641399
136,0.28493376076221466,0.8736141906873615,0.6133527755737305,0.7641196013289037,0.800561797752809,0.8092951466300806
137,0.2880213037133217,0.873059866962306,0.6136538982391357,0.7641196013289037,0.7994350282485876,0.8091579488938432
138,0.2911083698272705,0.873059866962306,0.6128951013088226,0.7641196013289037,0.7994350282485876,0.8093866117875721
139,0.2866448014974594,0.8747228381374723,0.6127058863639832,0.7691029900332226,0.8028368794326242,0.8096724404047333
140,0.28368011116981506,0.8747228381374723,0.6155645847320557,0.7674418604651163,0.8016997167138811,0.8090779168810381
141,0.2846215218305588,0.8713968957871396,0.6168369054794312,0.7657807308970099,0.8005657708628006,0.8090550505916652
142,0.2965233251452446,0.8675166297117517,0.6179796755313873,0.7641196013289037,0.8,0.8086548905276395
143,0.2898799777030945,0.8702882483370288,0.6183598339557648,0.7624584717607974,0.7977369165487977,0.8088492539873091
144,0.28407858312129974,0.8719512195121951,0.6172922849655151,0.7657807308970099,0.8,0.8089292860001143
145,0.28926166146993637,0.8736141906873615,0.6156900525093079,0.7657807308970099,0.8011283497884344,0.8088035214085634
146,0.28547024726867676,0.8747228381374723,0.6156275570392609,0.7657807308970099,0.8005657708628006,0.8089064197107414
147,0.28642671555280685,0.8719512195121951,0.6153813898563385,0.7624584717607974,0.7983074753173484,0.8084719602126564
148,0.2884902358055115,0.873059866962306,0.6142550408840179,0.7657807308970099,0.8005657708628006,0.8089635854341737
149,0.29483282566070557,0.8686252771618626,0.6159095466136932,0.7641196013289037,0.7982954545454546,0.8087920882638768
150,0.29076720774173737,0.8702882483370288,0.6169155240058899,0.7657807308970099,0.7994310099573257,0.808769221974504
151,0.2893354892730713,0.8725055432372506,0.6163869500160217,0.7641196013289037,0.7994350282485876,0.808792088263877
152,0.28477244824171066,0.8763858093126385,0.6149760782718658,0.7674418604651163,0.8016997167138811,0.8092608471960212
153,0.29291727393865585,0.873059866962306,0.6131105720996857,0.7657807308970099,0.8005657708628006,0.8093408792088264
154,0.2946181073784828,0.8664079822616408,0.6120533645153046,0.7641196013289037,0.7994350282485876,0.8096495741153604
155,0.28732438385486603,0.8686252771618626,0.61248779296875,0.7674418604651163,0.8022598870056498,0.8092608471960212
156,0.2814478129148483,0.8702882483370288,0.6130135357379913,0.7674418604651163,0.8022598870056498,0.8092608471960212
157,0.2950496971607208,0.8702882483370288,0.6122373044490814,0.7641196013289037,0.8,0.8094437775110044
158,0.28348419815301895,0.8736141906873615,0.6141404807567596,0.7657807308970099,0.8016877637130801,0.8090093180129193
159,0.28327128291130066,0.8725055432372506,0.614095538854599,0.7641196013289037,0.800561797752809,0.8092151146172755
160,0.2922203987836838,0.8664079822616408,0.6157442927360535,0.7641196013289037,0.8,0.8088035214085633
161,0.2831265330314636,0.8725055432372506,0.6147117614746094,0.7641196013289037,0.8,0.8089521522894874
162,0.28614142537117004,0.8713968957871396,0.6149527132511139,0.7641196013289037,0.7988668555240793,0.8091579488938432
163,0.29334939271211624,0.8719512195121951,0.6167856752872467,0.7624584717607974,0.7977369165487977,0.8087463556851313
164,0.28649576008319855,0.8713968957871396,0.6179115772247314,0.7657807308970099,0.8011283497884344,0.8088263876979362
165,0.2805706225335598,0.8752771618625277,0.6148691773414612,0.7674418604651163,0.8022598870056498,0.809146515749157
166,0.2874424383044243,0.8686252771618626,0.6138463616371155,0.7624584717607974,0.7983074753173484,0.8093866117875723
167,0.28872792422771454,0.8702882483370288,0.6142367720603943,0.7641196013289037,0.8,0.8093980449322586
168,0.28504980355501175,0.8702882483370288,0.6163860261440277,0.7624584717607974,0.7983074753173484,0.8089292860001144
169,0.2805248573422432,0.873059866962306,0.6164062023162842,0.7624584717607974,0.7977369165487977,0.8086548905276397
170,0.2859029918909073,0.873059866962306,0.6155961453914642,0.7624584717607974,0.7977369165487977,0.8089407191448008
171,0.28939948976039886,0.8691796008869179,0.6166598498821259,0.7641196013289037,0.7994350282485876,0.8089292860001143
172,0.2850463315844536,0.8752771618625277,0.6159537434577942,0.7624584717607974,0.7983074753173484,0.8088835534213685
173,0.2873072028160095,0.8630820399113082,0.6135700047016144,0.7641196013289037,0.8,0.8092494140513349
174,0.28525351732969284,0.8725055432372506,0.6146545708179474,0.7674418604651163,0.8022598870056498,0.8094552106556908
175,0.2868514284491539,0.8708425720620843,0.6147705614566803,0.7657807308970099,0.8011283497884344,0.8091122163150976
176,0.2846432775259018,0.8725055432372506,0.6154899895191193,0.7657807308970099,0.8011283497884344,0.8092379809066484
177,0.2895345613360405,0.8708425720620843,0.6166034042835236,0.7657807308970099,0.8,0.8091922483279026
178,0.28492365777492523,0.8747228381374723,0.6168358623981476,0.7641196013289037,0.7988668555240793,0.8094094780769452
179,0.2903882712125778,0.873059866962306,0.6186822056770325,0.7674418604651163,0.8022598870056498,0.8088149545532498
180,0.2914479225873947,0.8664079822616408,0.6188309490680695,0.7657807308970099,0.8005657708628006,0.8088378208426228
181,0.288321889936924,0.8725055432372506,0.6166290640830994,0.7641196013289037,0.7994350282485876,0.8089178528554278
182,0.27996353432536125,0.8774944567627494,0.6142837703227997,0.7657807308970099,0.8011283497884344,0.8092608471960213
183,0.2879572808742523,0.8741685144124168,0.6160006821155548,0.7641196013289037,0.8,0.8092608471960212
184,0.2905091717839241,0.8686252771618626,0.6167620122432709,0.7674418604651163,0.8022598870056498,0.8089750185788601
185,0.28101953119039536,0.8719512195121951,0.614631861448288,0.7674418604651163,0.8022598870056498,0.808997884868233
186,0.29292600601911545,0.8675166297117517,0.6161084473133087,0.7641196013289037,0.8,0.8092494140513349
187,0.2887384444475174,0.8713968957871396,0.614970326423645,0.7641196013289037,0.8,0.8086777568170125
188,0.2842291072010994,0.8725055432372506,0.6150394380092621,0.7641196013289037,0.8,0.8087577888298175
189,0.2892155349254608,0.8741685144124168,0.6127979457378387,0.7674418604651163,0.8028169014084507,0.8094094780769451
190,0.28587184846401215,0.8702882483370288,0.6130419969558716,0.7657807308970099,0.8011283497884344,0.809100783170411
191,0.2884717211127281,0.873059866962306,0.6124441027641296,0.7674418604651163,0.8028169014084507,0.8094552106556909
192,0.2869696691632271,0.8719512195121951,0.6124621629714966,0.7691029900332226,0.8039492242595204,0.8095238095238095
193,0.28895048052072525,0.8702882483370288,0.6137229800224304,0.7657807308970099,0.8011283497884344,0.8092837134853941
194,0.2832270562648773,0.8736141906873615,0.6162492036819458,0.7657807308970099,0.8011283497884344,0.8084833933573429
195,0.28928473591804504,0.8713968957871396,0.6158754229545593,0.7691029900332226,0.8033946251768034,0.8089064197107414
196,0.2861652970314026,0.873059866962306,0.6158776581287384,0.7674418604651163,0.8022598870056498,0.8091350826044704
197,0.2857133075594902,0.8664079822616408,0.6160982549190521,0.7657807308970099,0.8005657708628006,0.8090436174469788
198,0.2899337634444237,0.8702882483370288,0.6163673102855682,0.7657807308970099,0.8005657708628006,0.8086891899616989
199,0.2849825918674469,0.8725055432372506,0.6149480938911438,0.7641196013289037,0.8,0.8090436174469788
200,0.28996583074331284,0.8697339246119734,0.6154084205627441,0.7657807308970099,0.8,0.8090093180129195
201,0.2903883531689644,0.873059866962306,0.6166680157184601,0.7674418604651163,0.8016997167138811,0.8087692219745042
202,0.28954771161079407,0.8702882483370288,0.6150344908237457,0.7657807308970099,0.8005657708628006,0.8088035214085634
203,0.28340422362089157,0.8708425720620843,0.6134391725063324,0.7657807308970099,0.8,0.8092151146172754
204,0.2877623289823532,0.8691796008869179,0.6114490628242493,0.7674418604651163,0.8011363636363636,0.8093294460641399
205,0.28745589405298233,0.8680709534368071,0.6128250062465668,0.7657807308970099,0.8005657708628006,0.8094666438003773
206,0.28635024279356003,0.8658536585365854,0.6145521104335785,0.7657807308970099,0.8,0.8089178528554279
207,0.28927209228277206,0.873059866962306,0.6141233742237091,0.7641196013289037,0.7988668555240793,0.8088035214085634
208,0.2872787192463875,0.8736141906873615,0.6142439246177673,0.7624584717607974,0.7983074753173484,0.8089864517235466
209,0.2888937368988991,0.8686252771618626,0.6135928630828857,0.7657807308970099,0.8005657708628006,0.8094209112216315
210,0.2858690544962883,0.8713968957871396,0.6138200461864471,0.7674418604651163,0.8016997167138811,0.8094666438003774
211,0.28996337205171585,0.8725055432372506,0.6146951913833618,0.7674418604651163,0.8016997167138811,0.8089978848682331
212,0.28525496274232864,0.8747228381374723,0.6148044764995575,0.7657807308970099,0.8011283497884344,0.8089521522894871
213,0.2871636599302292,0.8658536585365854,0.614595502614975,0.7657807308970099,0.8011283497884344,0.8094437775110044
214,0.29070863127708435,0.8708425720620843,0.6160469949245453,0.7657807308970099,0.8011283497884344,0.8093980449322586
215,0.2906573638319969,0.8713968957871396,0.615401566028595,0.7657807308970099,0.8005657708628006,0.8092494140513349
216,0.28526531904935837,0.8697339246119734,0.6155954599380493,0.7674418604651163,0.8022598870056498,0.8089521522894874
217,0.2825373560190201,0.8741685144124168,0.6158735156059265,0.7657807308970099,0.8005657708628006,0.8090779168810381
218,0.28902381658554077,0.8708425720620843,0.6145651042461395,0.7641196013289037,0.7994350282485876,0.8092265477619619
219,0.2949684336781502,0.8702882483370288,0.6142623722553253,0.7657807308970099,0.8016877637130801,0.8093637454981992
220,0.28662483394145966,0.8697339246119734,0.613514244556427,0.760797342192691,0.7971830985915493,0.809175098610873
221,0.29563895612955093,0.8686252771618626,0.6121944189071655,0.7641196013289037,0.8,0.8093637454981992
222,0.297674223780632,0.8713968957871396,0.616417646408081,0.7624584717607974,0.7983074753173484,0.8087463556851311
223,0.2896975129842758,0.8702882483370288,0.6163286566734314,0.7624584717607974,0.7965860597439545,0.8085977248042073
224,0.2890034019947052,0.8702882483370288,0.6170759201049805,0.7624584717607974,0.7971631205673759,0.8087692219745041
225,0.2884095758199692,0.8686252771618626,0.6140852570533752,0.7674418604651163,0.8011363636363636,0.8092722803407078
226,0.2853267043828964,0.8708425720620843,0.6157652735710144,0.7657807308970099,0.8,0.8091465157491569
227,0.2949368804693222,0.8736141906873615,0.6158061325550079,0.7641196013289037,0.7982954545454546,0.8094552106556909
228,0.2814171388745308,0.8763858093126385,0.6156941950321198,0.7624584717607974,0.7977369165487977,0.8092151146172755
229,0.29248908162117004,0.8697339246119734,0.6135282218456268,0.7624584717607974,0.7977369165487977,0.8095695421025553
230,0.2896450161933899,0.8708425720620843,0.6143972277641296,0.7624584717607974,0.7983074753173484,0.80932944606414
231,0.28607702255249023,0.8780487804878049,0.6143174469470978,0.7641196013289037,0.8,0.8089750185788601
232,0.29101406782865524,0.873059866962306,0.6147920787334442,0.7657807308970099,0.8011283497884344,0.8088721202766821
233,0.28602463752031326,0.8747228381374723,0.6164840757846832,0.7624584717607974,0.7988748241912799,0.8083690619104785
234,0.2869311422109604,0.8702882483370288,0.6176065802574158,0.760797342192691,0.7971830985915493,0.8084662436403132
235,0.28700707852840424,0.8725055432372506,0.615852415561676,0.7641196013289037,0.8,0.8089521522894872
236,0.2911117225885391,0.8680709534368071,0.6145464181900024,0.7641196013289037,0.7994350282485876,0.8091922483279026
237,0.28368427604436874,0.8736141906873615,0.6142573058605194,0.7657807308970099,0.8011283497884344,0.809661007260047
238,0.28856775909662247,0.8675166297117517,0.6149232089519501,0.7641196013289037,0.7994350282485876,0.80932944606414
239,0.2924952805042267,0.8708425720620843,0.6155924201011658,0.7641196013289037,0.7988668555240793,0.8091122163150974
240,0.2878977358341217,0.8708425720620843,0.6162101328372955,0.7657807308970099,0.8005657708628006,0.8091693820385297
241,0.2916339933872223,0.8780487804878049,0.6154197454452515,0.7657807308970099,0.8005657708628006,0.8093637454981992
242,0.28610779345035553,0.8747228381374723,0.6151497960090637,0.7657807308970099,0.8005657708628006,0.8092608471960213
243,0.28472865372896194,0.8686252771618626,0.6152094304561615,0.7674418604651163,0.8016997167138811,0.8092379809066483
244,0.28897882252931595,0.8708425720620843,0.6137180328369141,0.7691029900332226,0.8028368794326242,0.8092608471960212
245,0.2907305210828781,0.8658536585365854,0.6137064099311829,0.7691029900332226,0.8028368794326242,0.8091350826044703
246,0.28984396159648895,0.8691796008869179,0.614487886428833,0.7674418604651163,0.8016997167138811,0.8088149545532498
247,0.2869369015097618,0.8691796008869179,0.6140399277210236,0.7641196013289037,0.7988668555240793,0.8091808151832162
248,0.289530873298645,0.8713968957871396,0.6133648157119751,0.7641196013289037,0.8,0.8094209112216315
249,0.2886880040168762,0.8697339246119734,0.6152640879154205,0.7641196013289037,0.8,0.8090321843022923
250,0.29231762886047363,0.8747228381374723,0.614741861820221,0.7657807308970099,0.8011283497884344,0.8090321843022923
251,0.2914507985115051,0.873059866962306,0.6141271889209747,0.7624584717607974,0.7983074753173484,0.8092036814725891
252,0.29213737696409225,0.8736141906873615,0.614456057548523,0.760797342192691,0.7966101694915254,0.8089521522894871
253,0.2852950915694237,0.8697339246119734,0.613978236913681,0.7641196013289037,0.7994350282485876,0.8089864517235467
254,0.2908998876810074,0.8719512195121951,0.6132507622241974,0.7674418604651163,0.8022598870056498,0.8092722803407078
255,0.29121970385313034,0.8680709534368071,0.6140163838863373,0.7674418604651163,0.8022598870056498,0.8090207511576059
256,0.28933051228523254,0.8725055432372506,0.6133524775505066,0.7657807308970099,0.8011283497884344,0.8091808151832162
257,0.29458483308553696,0.8702882483370288,0.6158426105976105,0.7657807308970099,0.8011283497884344,0.8089407191448008
258,0.2854141443967819,0.873059866962306,0.6167930066585541,0.7657807308970099,0.8011283497884344,0.8088378208426228
259,0.2913990169763565,0.8719512195121951,0.6162466406822205,0.7657807308970099,0.8005657708628006,0.8095695421025553
260,0.28461382538080215,0.8736141906873615,0.6166914999485016,0.7657807308970099,0.8011283497884344,0.809020751157606
261,0.2915971279144287,0.8697339246119734,0.616406261920929,0.7657807308970099,0.8016877637130801,0.8091579488938432
262,0.28416262567043304,0.8697339246119734,0.6152296662330627,0.7657807308970099,0.8011283497884344,0.8092151146172756
263,0.2879512682557106,0.8736141906873615,0.6158849000930786,0.7657807308970099,0.8011283497884344,0.8090550505916652
264,0.28890153765678406,0.8686252771618626,0.6160318553447723,0.7657807308970099,0.8011283497884344,0.8088606871319955
265,0.28843945264816284,0.8713968957871396,0.6126929223537445,0.7674418604651163,0.8022598870056498,0.8096038415366147
266,0.29320644587278366,0.8658536585365854,0.6132239699363708,0.7674418604651163,0.8022598870056498,0.8093180129194536
267,0.27944596111774445,0.8763858093126385,0.6134739816188812,0.7674418604651163,0.8016997167138811,0.8090093180129195
268,0.2871672660112381,0.8669623059866962,0.613617330789566,0.7674418604651163,0.8022598870056498,0.809123649459784
269,0.29345980286598206,0.8713968957871396,0.6125138998031616,0.7657807308970099,0.8011283497884344,0.8095695421025553
270,0.2910459265112877,0.8736141906873615,0.6150566935539246,0.7641196013289037,0.7994350282485876,0.8093751786428858
271,0.2893119305372238,0.8697339246119734,0.613659679889679,0.7691029900332226,0.8033946251768034,0.809432344366318
272,0.28267916291952133,0.8725055432372506,0.6157259941101074,0.7657807308970099,0.8011283497884344,0.809077916881038
273,0.29410136491060257,0.8658536585365854,0.6151810586452484,0.7657807308970099,0.8011283497884344,0.8093180129194534
274,0.28742487728595734,0.8702882483370288,0.6160732507705688,0.7674418604651163,0.8028169014084507,0.8093866117875722
275,0.28300417959690094,0.8752771618625277,0.6164465844631195,0.7641196013289037,0.8,0.8088149545532498
276,0.2950880602002144,0.8697339246119734,0.6137407422065735,0.7657807308970099,0.8011283497884344,0.8096381409706739
277,0.29544805735349655,0.8708425720620843,0.6150164008140564,0.7657807308970099,0.8011283497884344,0.8093637454981992
278,0.2943674847483635,0.8725055432372506,0.6134321689605713,0.7641196013289037,0.7994350282485876,0.8088149545532498
279,0.2918331176042557,0.8747228381374723,0.6155650317668915,0.7674418604651163,0.8016997167138811,0.8084605270679701
280,0.2914574071764946,0.8658536585365854,0.615597277879715,0.7657807308970099,0.8,0.8087463556851311
281,0.28523022681474686,0.8664079822616408,0.6131327152252197,0.7674418604651163,0.8011363636363636,0.808997884868233
282,0.2901948243379593,0.8763858093126385,0.6153009831905365,0.7674418604651163,0.8005698005698005,0.8090093180129195
283,0.2973668947815895,0.8697339246119734,0.6149332821369171,0.7641196013289037,0.7994350282485876,0.8094437775110044
284,0.2858242318034172,0.8702882483370288,0.6146593689918518,0.7657807308970099,0.8005657708628006,0.8091465157491567
285,0.29232751578092575,0.8697339246119734,0.6143968403339386,0.7657807308970099,0.8005657708628006,0.8094437775110046
286,0.28789622336626053,0.8697339246119734,0.6156322956085205,0.7641196013289037,0.7977207977207977,0.8090207511576059
287,0.29039258509874344,0.8702882483370288,0.6169683635234833,0.7657807308970099,0.7994310099573257,0.8093751786428858
288,0.2877076268196106,0.8691796008869179,0.6171029210090637,0.7624584717607974,0.7965860597439545,0.8090664837363517
289,0.2897982746362686,0.8725055432372506,0.6144366264343262,0.7657807308970099,0.8,0.8090321843022924
290,0.2902649790048599,0.8725055432372506,0.6134113669395447,0.7657807308970099,0.8,0.8092379809066483
291,0.28655626624822617,0.8725055432372506,0.6153963804244995,0.7657807308970099,0.8005657708628006,0.8089178528554278
292,0.2904330790042877,0.8747228381374723,0.6165412366390228,0.7641196013289037,0.7977207977207977,0.8088035214085634
293,0.2923442870378494,0.8669623059866962,0.6135596930980682,0.7674418604651163,0.8016997167138811,0.8095695421025553
294,0.28621864318847656,0.8725055432372506,0.6143237352371216,0.7657807308970099,0.8005657708628006,0.8094666438003774
295,0.28664661943912506,0.8741685144124168,0.613402396440506,0.7657807308970099,0.8005657708628006,0.8099125364431488
296,0.2895926311612129,0.8691796008869179,0.6131338477134705,0.7641196013289037,0.7994350282485876,0.8095466758131824
297,0.2972300201654434,0.8702882483370288,0.6123630702495575,0.7657807308970099,0.8005657708628006,0.8097124564111358
298,0.28460153192281723,0.8725055432372506,0.6127514243125916,0.7674418604651163,0.8022598870056498,0.8096724404047333
299,0.28830359131097794,0.8702882483370288,0.6136439144611359,0.7657807308970099,0.8011283497884344,0.8092837134853942
300,0.2941875010728836,0.873059866962306,0.615239292383194,0.7641196013289037,0.8,0.8091350826044703
301,0.29896947741508484,0.8675166297117517,0.6141424775123596,0.7641196013289037,0.8,0.8093294460641399
302,0.2874095141887665,0.8725055432372506,0.6150202751159668,0.7641196013289037,0.8,0.808997884868233
303,0.2850060313940048,0.8736141906873615,0.6148221790790558,0.7641196013289037,0.8,0.809226547761962
304,0.29288797080516815,0.8725055432372506,0.613884449005127,0.7641196013289037,0.8,0.8095238095238095
305,0.2935514375567436,0.8647450110864745,0.613617479801178,0.7641196013289037,0.8,0.8094094780769451
306,0.29260993003845215,0.8697339246119734,0.6159955859184265,0.7657807308970099,0.8011283497884344,0.8085862916595208
307,0.29046730697155,0.8697339246119734,0.6168791651725769,0.7674418604651163,0.8022598870056498,0.8085062596467159
308,0.28603845834732056,0.8713968957871396,0.6163948774337769,0.7641196013289037,0.8,0.8084033613445378
309,0.2898278757929802,0.8763858093126385,0.6159826219081879,0.7674418604651163,0.8022598870056498,0.8086777568170125
310,0.2984272763133049,0.8686252771618626,0.6163654327392578,0.7624584717607974,0.7988748241912799,0.8089292860001144
311,0.2919870689511299,0.8736141906873615,0.6167185306549072,0.7624584717607974,0.7988748241912799,0.8089635854341737
312,0.28456631302833557,0.8713968957871396,0.6167021989822388,0.7641196013289037,0.8,0.8089178528554278
313,0.28833863139152527,0.8708425720620843,0.614222526550293,0.7657807308970099,0.8011283497884344,0.8091922483279026
314,0.28856923431158066,0.8697339246119734,0.6149457693099976,0.7691029900332226,0.8039492242595204,0.8093751786428858
315,0.28645388036966324,0.8747228381374723,0.6163983941078186,0.7657807308970099,0.8016877637130801,0.8090550505916653
316,0.2910609841346741,0.8702882483370288,0.6168273091316223,0.7624584717607974,0.7983074753173484,0.8086663236723262
317,0.2905848100781441,0.8697339246119734,0.6149407923221588,0.7641196013289037,0.8,0.809180815183216
318,0.2856842055916786,0.8713968957871396,0.6152403354644775,0.7624584717607974,0.7977369165487977,0.8090550505916654
319,0.28623560816049576,0.8702882483370288,0.6147136390209198,0.7674418604651163,0.8022598870056498,0.8089292860001145
320,0.2950496971607208,0.8658536585365854,0.6145042181015015,0.7641196013289037,0.800561797752809,0.8091236494597838
321,0.2863525450229645,0.8713968957871396,0.6143216192722321,0.7657807308970099,0.8016877637130801,0.8094895100897502
322,0.28727445751428604,0.8719512195121951,0.6175536215305328,0.7657807308970099,0.8011283497884344,0.8091236494597839
323,0.2856365740299225,0.8719512195121951,0.6169268786907196,0.7674418604651163,0.8028169014084507,0.8093180129194535
324,0.283836230635643,0.8747228381374723,0.6176898777484894,0.7674418604651163,0.8022598870056498,0.8091922483279026
325,0.2847345918416977,0.8719512195121951,0.6168135702610016,0.7674418604651163,0.8028169014084507,0.8095238095238096
326,0.28763575851917267,0.8702882483370288,0.6147340536117554,0.7691029900332226,0.8039492242595204,0.809306579774767
327,0.28787650167942047,0.8697339246119734,0.6154594719409943,0.7657807308970099,0.8011283497884344,0.8088606871319957
328,0.28948576748371124,0.876940133037694,0.6145763695240021,0.7657807308970099,0.8011283497884344,0.8091007831704111
329,0.2902895361185074,0.8702882483370288,0.6137303411960602,0.7641196013289037,0.800561797752809,0.8092608471960212
330,0.28886035829782486,0.8719512195121951,0.6125366687774658,0.7641196013289037,0.7994350282485876,0.8094780769450638
331,0.2929045408964157,0.8713968957871396,0.6133033335208893,0.7657807308970099,0.8011283497884344,0.8092494140513347
332,0.2950783222913742,0.864190687361419,0.6126264929771423,0.7674418604651163,0.8016997167138811,0.8096838735494197
333,0.28773584961891174,0.8686252771618626,0.61309614777565,0.7674418604651163,0.8016997167138811,0.8094552106556909
334,0.29265692830085754,0.8708425720620843,0.6158894002437592,0.7674418604651163,0.8022598870056498,0.8093523123535128
335,0.2947777211666107,0.8713968957871396,0.6156238615512848,0.7674418604651163,0.8028169014084507,0.8092265477619619
336,0.28761979192495346,0.8697339246119734,0.6168258786201477,0.7624584717607974,0.7983074753173484,0.8089978848682331
337,0.2883499041199684,0.8736141906873615,0.6167644262313843,0.7641196013289037,0.7994350282485876,0.809020751157606
338,0.2882396802306175,0.8719512195121951,0.6158343851566315,0.7641196013289037,0.7988668555240793,0.8090436174469788
339,0.2939629927277565,0.8725055432372506,0.6164612174034119,0.760797342192691,0.7960339943342776,0.8090779168810381
340,0.29044418781995773,0.8741685144124168,0.6167687773704529,0.7641196013289037,0.7994350282485876,0.8088721202766821
341,0.2850721627473831,0.8719512195121951,0.6158256232738495,0.7641196013289037,0.7994350282485876,0.8089407191448008
342,0.28539157658815384,0.876940133037694,0.6160537302494049,0.7641196013289037,0.8,0.8090664837363517
343,0.2841497138142586,0.8708425720620843,0.6175427734851837,0.7641196013289037,0.7994350282485876,0.808792088263877
344,0.2836829647421837,0.8752771618625277,0.61693075299263,0.7657807308970099,0.8011283497884344,0.8090093180129194
345,0.293627604842186,0.8708425720620843,0.6157308220863342,0.7641196013289037,0.8,0.809100783170411
346,0.28978588432073593,0.8697339246119734,0.6172188818454742,0.7657807308970099,0.8005657708628006,0.8092036814725891
347,0.2985888868570328,0.8713968957871396,0.6169885694980621,0.7657807308970099,0.8005657708628006,0.8095009432344366
348,0.28266656398773193,0.8747228381374723,0.6171645522117615,0.7674418604651163,0.8016997167138811,0.8092608471960212
349,0.28669388592243195,0.876940133037694,0.6159416437149048,0.7674418604651163,0.8022598870056498,0.8095238095238095
350,0.28356020897626877,0.8747228381374723,0.6163270175457001,0.7657807308970099,0.8005657708628006,0.8089178528554279
351,0.2920585572719574,0.8680709534368071,0.615545392036438,0.7657807308970099,0.8005657708628006,0.8090207511576059
352,0.28828153014183044,0.8719512195121951,0.6162340044975281,0.7641196013289037,0.7994350282485876,0.8085176927914021
353,0.288494348526001,0.8736141906873615,0.6159775257110596,0.7641196013289037,0.8,0.8088035214085634
354,0.2858820781111717,0.8747228381374723,0.6166830360889435,0.7641196013289037,0.8,0.8085519922254616
355,0.2827644869685173,0.8752771618625277,0.6154962182044983,0.7641196013289037,0.7988668555240793,0.8086548905276396
356,0.28787897527217865,0.86529933481153,0.614613801240921,0.7657807308970099,0.8005657708628006,0.809180815183216
357,0.28222937136888504,0.8719512195121951,0.6143061518669128,0.7657807308970099,0.8005657708628006,0.8089407191448007
358,0.28834017366170883,0.8697339246119734,0.6144212782382965,0.7674418604651163,0.8016997167138811,0.8088149545532498
359,0.28794875741004944,0.8669623059866962,0.6140188574790955,0.7691029900332226,0.8028368794326242,0.8092837134853941
360,0.2939004972577095,0.8713968957871396,0.6157957315444946,0.7674418604651163,0.8022598870056498,0.8093751786428857
361,0.2902917116880417,0.8719512195121951,0.6141853928565979,0.7641196013289037,0.7994350282485876,0.8092608471960214
362,0.2882087901234627,0.8697339246119734,0.6158116459846497,0.7657807308970099,0.8011283497884344,0.8091579488938432
363,0.2897592708468437,0.8708425720620843,0.616874486207962,0.7641196013289037,0.8,0.808769221974504
364,0.2903725728392601,0.8680709534368071,0.6185756325721741,0.7641196013289037,0.7994350282485876,0.8083118961870462
365,0.2945746034383774,0.8713968957871396,0.6164618134498596,0.7624584717607974,0.7983074753173484,0.8090207511576059
366,0.2842809930443764,0.8713968957871396,0.6170796751976013,0.7624584717607974,0.7977369165487977,0.808997884868233
367,0.29067424684762955,0.8680709534368071,0.6155566871166229,0.7641196013289037,0.8,0.8087577888298176
368,0.29003702104091644,0.8708425720620843,0.6147646605968475,0.7624584717607974,0.7983074753173484,0.8088378208426228
369,0.28701257705688477,0.8697339246119734,0.6164052188396454,0.7641196013289037,0.8,0.8084948265020293
370,0.2863907590508461,0.8725055432372506,0.6163058578968048,0.7657807308970099,0.8011283497884344,0.808792088263877
371,0.28826165944337845,0.8747228381374723,0.6153348982334137,0.7657807308970099,0.8011283497884344,0.8086548905276397
372,0.28664854913949966,0.8675166297117517,0.6157707571983337,0.7657807308970099,0.8011283497884344,0.8082204310295547
373,0.28789326548576355,0.8708425720620843,0.6146546602249146,0.7641196013289037,0.8,0.8087920882638769
374,0.2882460653781891,0.8725055432372506,0.6142326593399048,0.7641196013289037,0.8,0.8090093180129193
375,0.289764828979969,0.8719512195121951,0.6159976720809937,0.7624584717607974,0.7988748241912799,0.8089178528554279
376,0.2856482043862343,0.8747228381374723,0.6166112422943115,0.7641196013289037,0.8,0.808894986566055
377,0.28569987416267395,0.8736141906873615,0.6160069704055786,0.7641196013289037,0.8,0.8091808151832162
378,0.2901140823960304,0.8713968957871396,0.6164379119873047,0.7641196013289037,0.8,0.8088035214085634
379,0.2818784862756729,0.8702882483370288,0.6159834861755371,0.7641196013289037,0.8,0.8088606871319958
380,0.2869551405310631,0.8636363636363636,0.6153233349323273,0.7624584717607974,0.7988748241912799,0.8088835534213685
381,0.29690512269735336,0.8697339246119734,0.6160656213760376,0.7641196013289037,0.7994350282485876,0.8090093180129194
382,0.2913782149553299,0.873059866962306,0.6147591769695282,0.7657807308970099,0.8011283497884344,0.8090893500257246
383,0.28807976841926575,0.8675166297117517,0.6161109805107117,0.7657807308970099,0.8011283497884344,0.8091808151832163
384,0.28384968638420105,0.8697339246119734,0.6167389154434204,0.7674418604651163,0.8022598870056498,0.8093637454981993
385,0.2876104861497879,0.8758314855875832,0.6175530850887299,0.7657807308970099,0.8011283497884344,0.8088606871319957
386,0.2850653976202011,0.8741685144124168,0.6172166764736176,0.7657807308970099,0.8011283497884344,0.808792088263877
387,0.2860967218875885,0.8758314855875832,0.6169566214084625,0.7624584717607974,0.7983074753173484,0.8084490939232836
388,0.2918037325143814,0.8736141906873615,0.6168028712272644,0.7641196013289037,0.7994350282485876,0.8086320242382667
389,0.2872089743614197,0.8713968957871396,0.6194203495979309,0.7624584717607974,0.7977369165487977,0.8089978848682331
390,0.2962043136358261,0.8725055432372506,0.617673933506012,0.7657807308970099,0.8011283497884344,0.8092951466300807
391,0.2884856089949608,0.8686252771618626,0.616454541683197,0.7641196013289037,0.7994350282485876,0.8094780769450637
392,0.28553910553455353,0.8697339246119734,0.615787148475647,0.7641196013289037,0.7994350282485876,0.8096610072600468
393,0.2933172509074211,0.8713968957871396,0.6170261204242706,0.7641196013289037,0.7994350282485876,0.8091579488938432
394,0.2863260731101036,0.8719512195121951,0.6142396032810211,0.7657807308970099,0.8011283497884344,0.8091693820385296
395,0.27997463196516037,0.8708425720620843,0.6124790906906128,0.7657807308970099,0.8011283497884344,0.809512376379123
396,0.29098695516586304,0.873059866962306,0.6142817139625549,0.7641196013289037,0.7994350282485876,0.8093408792088264
397,0.29550425708293915,0.8719512195121951,0.6167038679122925,0.7591362126245847,0.7960618846694796,0.8089864517235467
398,0.2886202931404114,0.8691796008869179,0.6152834594249725,0.7624584717607974,0.7983074753173484,0.8087463556851313
399,0.29217490553855896,0.8713968957871396,0.6132310628890991,0.7674418604651163,0.8028169014084507,0.8095466758131823
400,0.28089846670627594,0.8697339246119734,0.6118061244487762,0.770764119601329,0.8050847457627118,0.8101869319156233
401,0.2933706119656563,0.8686252771618626,0.6132275760173798,0.7641196013289037,0.800561797752809,0.8095466758131824
402,0.28397176414728165,0.876940133037694,0.6148400902748108,0.7641196013289037,0.800561797752809,0.809432344366318
403,0.29093683511018753,0.8669623059866962,0.6159010827541351,0.7624584717607974,0.7983074753173484,0.8089978848682331
404,0.2890588194131851,0.873059866962306,0.6161182522773743,0.7624584717607974,0.7983074753173484,0.8091579488938434
405,0.2895223945379257,0.8736141906873615,0.6160837113857269,0.7624584717607974,0.7983074753173484,0.8085291259360887
406,0.29509156942367554,0.8691796008869179,0.616343080997467,0.7641196013289037,0.7994350282485876,0.8089292860001143
407,0.2937033250927925,0.8708425720620843,0.6165366768836975,0.7641196013289037,0.7994350282485876,0.8091007831704109
408,0.287866547703743,0.8719512195121951,0.6160426437854767,0.7641196013289037,0.7994350282485876,0.8089407191448008
409,0.2840672433376312,0.8747228381374723,0.6151837706565857,0.7657807308970099,0.8005657708628006,0.8092265477619619
410,0.2905519977211952,0.8702882483370288,0.6143584549427032,0.7641196013289037,0.7994350282485876,0.8092608471960213
411,0.28824201226234436,0.8741685144124168,0.6154032349586487,0.7641196013289037,0.7994350282485876,0.8090893500257246
412,0.28000639379024506,0.8713968957871396,0.6139614582061768,0.7657807308970099,0.8005657708628006,0.8092265477619619
413,0.29303592443466187,0.8697339246119734,0.6166374385356903,0.7657807308970099,0.8005657708628006,0.8090093180129194
414,0.29498738050460815,0.8713968957871396,0.6168680489063263,0.7624584717607974,0.7977369165487977,0.8088949865660549
415,0.2905135825276375,0.8680709534368071,0.6156218349933624,0.7641196013289037,0.7994350282485876,0.809077916881038
416,0.297112874686718,0.8713968957871396,0.6142699718475342,0.7641196013289037,0.7994350282485876,0.8095809752472418
417,0.28897012025117874,0.8725055432372506,0.6155459582805634,0.7641196013289037,0.7994350282485876,0.8092608471960212
418,0.2888305336236954,0.8713968957871396,0.6143971085548401,0.760797342192691,0.7971830985915493,0.8093637454981992
419,0.28618572652339935,0.8691796008869179,0.6156659424304962,0.7641196013289037,0.8,0.8091579488938432
420,0.28549183160066605,0.8736141906873615,0.6160346269607544,0.7641196013289037,0.8,0.8087234893957584
421,0.2870488464832306,0.8713968957871396,0.6165677011013031,0.7624584717607974,0.7983074753173484,0.808740639112788
422,0.28867872059345245,0.8719512195121951,0.6163245141506195,0.7641196013289037,0.7988668555240793,0.8087234893957582
423,0.29207947850227356,0.8708425720620843,0.6140080094337463,0.7624584717607974,0.7971631205673759,0.8096152746813011
424,0.292078111320734,0.8669623059866962,0.6143275797367096,0.7674418604651163,0.8011363636363636,0.809866803864403
425,0.2860647737979889,0.873059866962306,0.616450160741806,0.7641196013289037,0.7982954545454546,0.8090550505916652
426,0.2878992632031441,0.8702882483370288,0.615311861038208,0.7641196013289037,0.7977207977207977,0.8096152746813011
427,0.2847217470407486,0.8725055432372506,0.6163380444049835,0.7624584717607974,0.7971631205673759,0.8091693820385296
428,0.28876300156116486,0.8669623059866962,0.6161274015903473,0.7641196013289037,0.7982954545454546,0.8092494140513349
429,0.2889877185225487,0.8719512195121951,0.6154446005821228,0.7657807308970099,0.8005657708628006,0.8089064197107413
430,0.2931092083454132,0.8691796008869179,0.6164877414703369,0.7624584717607974,0.7977369165487977,0.8087349225404448
431,0.2857046201825142,0.8725055432372506,0.6155389547348022,0.7624584717607974,0.7983074753173484,0.8086777568170126
432,0.2870859205722809,0.8702882483370288,0.6138633489608765,0.7657807308970099,0.8011283497884344,0.8091922483279026
433,0.28883199393749237,0.8713968957871396,0.6149497032165527,0.7624584717607974,0.7977369165487977,0.8090093180129193
434,0.2845323830842972,0.8691796008869179,0.6138150095939636,0.7641196013289037,0.7994350282485876,0.8093180129194535
435,0.28481297194957733,0.8741685144124168,0.6147444844245911,0.7624584717607974,0.7983074753173484,0.8088263876979362
436,0.28350307792425156,0.8758314855875832,0.6140810549259186,0.7641196013289037,0.7994350282485876,0.8090950665980677
437,0.2879237234592438,0.8691796008869179,0.614942193031311,0.760797342192691,0.7966101694915254,0.8088606871319955
438,0.2848763167858124,0.8752771618625277,0.6136316657066345,0.7657807308970099,0.8005657708628006,0.8092494140513349
439,0.2904719337821007,0.8719512195121951,0.6153587698936462,0.760797342192691,0.7954545454545454,0.8091236494597839
440,0.28975268453359604,0.8719512195121951,0.6159749329090118,0.7641196013289037,0.7982954545454546,0.8088721202766821
441,0.2851821258664131,0.8725055432372506,0.6173727214336395,0.7624584717607974,0.7977369165487977,0.8088149545532498
442,0.2906108424067497,0.8713968957871396,0.6175529062747955,0.7641196013289037,0.7982954545454546,0.8088492539873091
443,0.2817762866616249,0.873059866962306,0.6167210936546326,0.7641196013289037,0.7982954545454546,0.808689189961699
444,0.2904895544052124,0.8675166297117517,0.6143652200698853,0.7657807308970099,0.8011283497884344,0.8092951466300806
445,0.2893126979470253,0.8780487804878049,0.6152994334697723,0.7657807308970099,0.8005657708628006,0.8093523123535129
446,0.2881755009293556,0.8708425720620843,0.617631733417511,0.7624584717607974,0.7983074753173484,0.8086548905276396
447,0.2876635789871216,0.8686252771618626,0.6172760426998138,0.7624584717607974,0.7983074753173484,0.8088835534213686
448,0.2904381901025772,0.8713968957871396,0.6186770796775818,0.7624584717607974,0.7983074753173484,0.8083862116275082
449,0.28852350264787674,0.8719512195121951,0.6171320974826813,0.7641196013289037,0.7994350282485876,0.8084833933573429
450,0.2879720479249954,0.8691796008869179,0.6180077493190765,0.7624584717607974,0.7983074753173484,0.8083233293317327
451,0.28673115372657776,0.873059866962306,0.6182097792625427,0.7657807308970099,0.8005657708628006,0.8085176927914023
452,0.2822561264038086,0.8747228381374723,0.61729496717453,0.7641196013289037,0.7994350282485876,0.8088149545532498
453,0.29090723395347595,0.8691796008869179,0.6149502694606781,0.760797342192691,0.7966101694915254,0.8089064197107414
454,0.2892436236143112,0.8713968957871396,0.6157334446907043,0.7657807308970099,0.8005657708628006,0.8097410392728521
455,0.29091499000787735,0.8719512195121951,0.6164864003658295,0.7657807308970099,0.8005657708628006,0.809741039272852
456,0.2861003577709198,0.8725055432372506,0.6154156625270844,0.7674418604651163,0.8028169014084507,0.8098210712856572
457,0.2882366329431534,0.8719512195121951,0.6153282225131989,0.7657807308970099,0.8011283497884344,0.8096381409706742
458,0.2947208806872368,0.8713968957871396,0.6156120300292969,0.7624584717607974,0.7983074753173484,0.8092722803407076
459,0.298005573451519,0.8614190687361419,0.6163972616195679,0.7641196013289037,0.8,0.8096381409706741
460,0.2944216951727867,0.8708425720620843,0.6140575706958771,0.7657807308970099,0.8005657708628006,0.80984393757503
461,0.28609728068113327,0.8752771618625277,0.6149403154850006,0.7674418604651163,0.8016997167138811,0.8095809752472418
462,0.2872000187635422,0.8736141906873615,0.6139790117740631,0.7641196013289037,0.8,0.8099125364431485
463,0.28813977539539337,0.8702882483370288,0.6158276498317719,0.7641196013289037,0.8,0.8096267078259876
464,0.2868804559111595,0.8752771618625277,0.6154186725616455,0.7641196013289037,0.8,0.8098325044303436
465,0.2881525158882141,0.8647450110864745,0.616576761007309,0.7641196013289037,0.7994350282485876,0.8092951466300806
466,0.29800863564014435,0.86529933481153,0.6175885498523712,0.7657807308970099,0.8,0.8093523123535128
467,0.2807508371770382,0.8719512195121951,0.6175252795219421,0.7657807308970099,0.8005657708628006,0.8088149545532498
468,0.2890537455677986,0.8713968957871396,0.6155095994472504,0.7674418604651163,0.8016997167138811,0.8089178528554279
469,0.2876453176140785,0.8719512195121951,0.6151390671730042,0.7641196013289037,0.7994350282485876,0.8095695421025553
470,0.2865981012582779,0.8680709534368071,0.6149823069572449,0.7641196013289037,0.8,0.809020751157606
471,0.28615568578243256,0.8741685144124168,0.6152882874011993,0.7641196013289037,0.8,0.8091465157491569
472,0.2940494269132614,0.8697339246119734,0.6146999299526215,0.7657807308970099,0.8011283497884344,0.8093523123535127
473,0.29137174785137177,0.8680709534368071,0.616242527961731,0.7624584717607974,0.7983074753173484,0.8088149545532499
474,0.2928112745285034,0.8713968957871396,0.6132832765579224,0.7657807308970099,0.8011283497884344,0.8095466758131824
475,0.2908962666988373,0.8702882483370288,0.6135385930538177,0.7641196013289037,0.8,0.8088606871319957
476,0.2868942767381668,0.8736141906873615,0.6129801869392395,0.7657807308970099,0.8011283497884344,0.8091236494597838
477,0.2916277274489403,0.8713968957871396,0.6136550605297089,0.7641196013289037,0.8,0.8087234893957582
478,0.29486843943595886,0.8736141906873615,0.6113898456096649,0.7641196013289037,0.8,0.8092322643343051
479,0.28635455667972565,0.8747228381374723,0.6120428740978241,0.7657807308970099,0.8011283497884344,0.8092837134853941
480,0.2910703867673874,0.873059866962306,0.6140320301055908,0.7641196013289037,0.7988668555240793,0.8094895100897502
481,0.2890933156013489,0.8675166297117517,0.6125873625278473,0.7674418604651163,0.8011363636363636,0.8097067398387927
482,0.2922283858060837,0.8697339246119734,0.6124285757541656,0.7641196013289037,0.7994350282485876,0.8100383010346996
483,0.2892218977212906,0.8758314855875832,0.6129435300827026,0.7641196013289037,0.7988668555240793,0.8097753387069113
484,0.2948286682367325,0.8686252771618626,0.6130105555057526,0.7641196013289037,0.7988668555240793,0.8097067398387927
485,0.2854999601840973,0.8675166297117517,0.6117794811725616,0.7674418604651163,0.8016997167138811,0.8096495741153604
486,0.2895319163799286,0.8691796008869179,0.612885981798172,0.7641196013289037,0.8,0.8098439375750299
487,0.29169729351997375,0.8719512195121951,0.6128065884113312,0.7624584717607974,0.7983074753173484,0.8093408792088265
488,0.282744400203228,0.8719512195121951,0.6139875054359436,0.7641196013289037,0.8,0.8094209112216315
489,0.2847478687763214,0.873059866962306,0.6133750975131989,0.7641196013289037,0.7994350282485876,0.8095238095238095
490,0.2862296849489212,0.873059866962306,0.6157622933387756,0.7657807308970099,0.8,0.8092722803407078
491,0.29533809423446655,0.8669623059866962,0.6146126389503479,0.7674418604651163,0.8022598870056498,0.8091007831704111
492,0.2843547910451889,0.8686252771618626,0.6148600280284882,0.7657807308970099,0.8011283497884344,0.8090207511576059
493,0.28563279658555984,0.8780487804878049,0.6128528416156769,0.7674418604651163,0.8011363636363636,0.8094552106556908
494,0.2883676588535309,0.873059866962306,0.6138334274291992,0.7657807308970099,0.8005657708628006,0.8093866117875721
495,0.2952989414334297,0.8647450110864745,0.6139999330043793,0.7657807308970099,0.8011283497884344,0.8089978848682331
496,0.2888927236199379,0.8719512195121951,0.6136025786399841,0.7691029900332226,0.8039492242595204,0.8091465157491569
497,0.28384295105934143,0.8725055432372506,0.6145864725112915,0.7674418604651163,0.8028169014084507,0.809432344366318
498,0.286501444876194,0.8725055432372506,0.6129129230976105,0.7691029900332226,0.8039492242595204,0.8097753387069113
499,0.2879682406783104,0.8719512195121951,0.6128878593444824,0.7674418604651163,0.8022598870056498,0.8096610072600469
500,0.2868976593017578,0.8702882483370288,0.6135665774345398,0.7691029900332226,0.8039492242595204,0.8096267078259876
